driverId,name,ssn,location,certified,wage-plan
10,Steven Shaw,580-31-3124,"5499 Renee Place
Port Amanda, IA 85491",N,hours
11,Ryan Lynch,041-49-7070,"346 Chang Fields Suite 072
Jasonfort, ME 03250",Y,hours
12,Kimberly Mccarthy,377-04-8125,"PSC 1230, Box 8666
APO AE 30885",Y,hours
13,Anthony Chandler,811-65-8231,"20298 Mcgee Trail Suite 481
Lake Susanfurt, MD 27564",Y,hours
14,Lynn Taylor,040-42-6275,"04099 Jones Ridge
West Johnchester, KS 62609",Y,miles
15,Benjamin Montes,626-46-7132,"0552 Washington Gateway
Hopkinsmouth, GU 11276",Y,miles
16,Christine Lin,640-60-2395,"71489 Amanda Brooks Apt. 106
Timothyfurt, FM 64866",N,miles
17,Alan Allen,784-39-7110,"488 Avila Plaza
Aaronview, IL 16650",Y,hours
18,James Garcia,775-04-0379,"837 Parker Pass Apt. 595
West Jeffery, PR 62133",N,miles
19,Christopher Shepard,688-21-4473,"9979 Mills Cliffs Suite 139
Clarkview, VA 79406",N,miles
20,Jennifer Turner,629-66-7129,"82689 Amanda Turnpike
West Stephanie, PA 24760",N,miles
21,Jeffery Randolph,528-36-7698,"8990 Lyons Run
Lindaton, WY 91006",Y,hours
22,Manuel Hernandez,518-21-9809,"017 Jeffrey Points
Port Jennifer, TN 92927",N,miles
23,Michael Gates,168-02-8112,"91890 David Loaf
Paulaport, AR 53611",Y,hours
24,Christopher Cole,828-64-4278,"8695 Terri Radial Apt. 224
South Linda, WY 37345",N,hours
25,Patrick Taylor,027-65-3613,"527 Hill Flats Apt. 405
Washingtonburgh, AR 64677",Y,hours
26,Thomas Hale,544-71-1999,"7278 Allen Heights Suite 119
Glasschester, UT 24736",N,hours
27,Mark Wright,177-14-6156,"2961 Brown Inlet Suite 473
East Joseborough, NJ 37456",Y,miles
28,Amanda Williams,327-04-6509,"67943 Heather Stream Apt. 250
Port Davidborough, RI 68645",N,hours
29,Benjamin Ochoa,736-89-3311,"94311 Dean Rapids Apt. 580
Washingtonview, IN 03419",Y,hours
30,Henry Bennett,314-20-6442,"8077 Taylor Ridges
New Melissaport, DC 39135",Y,hours
31,Angel Benitez,517-05-1221,"USS Matthews
FPO AA 59426",Y,hours
32,Tina Klein,540-81-0079,"819 David Summit
Jonesberg, VT 58186",Y,miles
33,Barbara Terry,319-47-9447,"602 Valdez Port
North Lisa, TX 67549",N,hours
34,Marcus Sutton,783-77-4052,"2944 Randy Freeway
West Danielshire, NC 80943",N,hours
35,Mark Martin,641-16-0105,"79967 Jefferson Land
West Karen, UT 29885",N,miles
36,Jason Wood,667-67-4824,"32070 Tina Station
Williamsside, NC 08498",Y,hours
37,Toni Knapp,277-19-8252,"512 Meyer Fords
Lake Robert, ME 34112",N,hours
38,Brittany Owens,502-29-0457,"604 Mendez Lakes Apt. 082
Emilystad, TN 30405",N,miles
39,Pamela Johnston,026-99-0636,"06857 Mejia Mount
North Shellyland, NY 69335",Y,miles
40,Corey Barnett,795-41-8373,"8584 Ryan Club Apt. 822
East Jasonfurt, NV 73765",N,hours
41,Brittany Riley,653-59-7808,"9289 Bruce Crossing Suite 199
Maryborough, MI 82635",Y,miles
42,Richard Rivera,029-70-1471,"9608 Thomas Mill Apt. 466
Jimenezton, ID 86237",Y,miles
43,Jennifer Richard,053-18-7842,"930 Joshua Mountains Suite 855
New Douglasburgh, OR 39324",Y,hours
44,Erika Sparks,466-56-2833,"93592 Hill Orchard
Derekton, ID 55360",N,miles
45,Kyle Walker,404-43-9014,"4244 Jensen Parks
North Bryce, SC 49984",N,miles
46,Jordan Myers,506-99-1792,"PSC 1959, Box 9494
APO AP 70969",N,miles
47,Jennifer Fischer,287-65-3578,"32592 Ernest Views
West Scottstad, MA 64748",Y,miles
48,Sarah Harris,126-13-6732,"8507 Jennifer Corners
Thompsonmouth, WY 37556",N,miles
49,Jonathan Brown Jr.,365-51-6185,"27503 Theresa Plaza Suite 915
West Lisa, GU 96826",N,miles
50,Jennifer Cook,679-72-1617,"69684 Debra Summit
Anthonybury, ID 97636",Y,hours
51,Emily Owens,071-03-6526,"PSC 9293, Box 4066
APO AA 25323",N,miles
52,Ashley Adams,411-69-5560,"4406 Matthew Dale Suite 757
Reynoldshaven, AR 08188",N,hours
53,Katrina Choi,099-09-8628,"049 Alex Grove
Ericksonland, WV 56660",N,hours
54,Michael Romero,438-82-6482,"45586 Williams Bypass Apt. 482
Lloydshire, ND 42881",N,miles
55,Laurie Burke,152-06-7642,"5365 Clarence Corner
New Kimberlyborough, VI 27985",Y,miles
56,Robin Foley,266-72-2423,"165 Laura Plains Suite 861
Meyerfort, FL 74687",N,hours
57,Willie Martin,235-47-1555,"9287 Jason Avenue Apt. 754
East Curtisview, ID 89895",Y,miles
58,Catherine Williams,870-22-6863,"546 Marcus Turnpike Suite 309
Lake Jessicaville, PA 55192",N,hours
59,Nancy Leblanc,006-24-1841,"511 Joy Court Apt. 715
West Stephanie, RI 72228",N,miles
60,Brenda Mann,105-51-9206,"874 Mora Squares Apt. 070
North Kevin, OH 22480",Y,hours
61,Matthew Jacobs,375-43-0884,"946 Beltran Walks Suite 939
Carolbury, TX 72297",N,miles
62,Amy Miranda,484-23-3241,"0698 Hunter Causeway Suite 304
Erinchester, AS 24709",N,miles
63,Andre Gilbert,414-68-4680,"5634 Ross Meadows
Port Richardmouth, MH 83798",N,miles
64,Andrew Hernandez,771-16-3419,"13090 Hannah Fall
West Jason, KY 84836",Y,hours
65,Jane Meyers,265-12-2071,"931 Johnny Hollow Suite 156
Kevinland, MO 46625",Y,hours
66,Todd Marquez,731-61-6652,"88053 Collin Ports
New Kathleen, AR 96008",Y,miles
67,Brandon Deleon,336-03-2904,"369 Andrews Summit Suite 828
Justinberg, NJ 99840",N,hours
68,Gregory Scott,048-19-7916,"USS Schroeder
FPO AP 11829",N,hours
69,Nancy Melton,382-17-8071,"17538 Nicole Glen Apt. 406
Moralesbury, ME 75414",N,miles
70,Charles Paul,735-57-7102,"8671 Miller Mountains Apt. 033
Mariashire, DE 40898",Y,miles
71,Jamie Armstrong,046-71-9593,"4025 Keller Ports
Gibsonville, WI 66619",Y,hours
72,Raymond Burgess,728-42-6396,"3768 Porter Loop Apt. 025
New Maryview, PW 43936",N,hours
73,Christopher Young,105-64-5445,"984 Ramirez Unions
Schwartzton, SC 52144",Y,hours
74,James Rios,014-67-9477,"PSC 6846, Box 1837
APO AA 65720",N,miles
75,Roger Collins,092-79-2800,"4937 Day Route
South Christinaland, OR 11861",N,hours
76,David Ochoa,224-08-2486,"PSC 5499, Box 7315
APO AP 89987",N,miles
77,Sara Rios,588-04-7183,"66788 Dyer Walk
Obrienshire, TX 99596",N,miles
78,Steven Miller,624-20-2820,"985 Lisa Lodge
Elizabethborough, MA 47531",N,hours
79,Tracy Bush,401-58-6266,"28250 Love Rest Apt. 161
Webertown, SD 96191",Y,miles
80,Adrian Walsh,255-25-9400,"152 Mccall Isle Suite 776
Payneview, VA 86325",Y,hours
81,Samantha Miller,691-20-3083,"520 Stephen Drives
Lake Richardfort, OH 13089",Y,hours
82,Carl Allen,517-46-7495,"44963 Melendez Tunnel
Graychester, HI 46756",Y,hours
83,Christina Burton,879-26-8164,"1894 Ryan Well
Williamsburgh, AR 25775",Y,miles
84,Mallory Carrillo,499-02-6339,"90838 Joseph Crescent
North Larryland, FM 26777",Y,miles
85,Wendy Schmidt,886-51-1064,"217 Andrea Spur
North Coreyfurt, ID 83358",N,hours
86,Steven Perez,433-28-1230,"748 Robinson Rapid Apt. 275
West Jamie, CA 51122",N,hours
87,Mark Robinson,473-56-0405,"439 Benton Lodge Suite 351
Samuelhaven, PW 72014",N,miles
88,Emily Marshall,311-51-5695,"083 Armstrong Lodge
Anneview, MA 53676",Y,miles
89,James Mahoney,642-38-1180,"471 Hayden Manors Apt. 244
New Johnview, CT 92653",N,miles
90,Ricardo Riley,773-60-9271,"36934 Caitlyn Mountains Suite 821
West Claudia, MP 88061",Y,miles
91,Miss Jamie Wells,195-12-0115,"Unit 8724 Box 2363
DPO AE 09388",N,miles
92,Mia Perez,341-37-0108,"405 Yesenia Green
West Kristy, ME 71286",N,hours
93,Emily Peterson,289-02-9169,"71727 Bryant Spur Suite 178
Ryanborough, ND 68235",Y,miles
94,Kenneth Watkins,783-48-1165,"05354 Scott Light
Lake Robinburgh, DC 08002",N,miles
95,James Reynolds,797-14-7810,"5455 Jason Villages Apt. 737
East Jamesmouth, MP 57504",Y,miles
96,Catherine Ferguson,735-40-3101,"Unit 6756 Box 7659
DPO AP 04206",N,hours
97,Nicole Wolfe,107-67-9114,"USNV Lewis
FPO AE 96355",Y,hours
98,Laura Kennedy,328-80-7610,"Unit 3196 Box 3709
DPO AP 18624",N,hours
99,Alexander Ellison,647-19-0576,"08147 Connie Village
New Aimeeshire, WY 22228",N,hours
100,Courtney Sims,200-16-8168,"09657 Randy Fields Apt. 739
Shirleyport, OR 78655",Y,miles
101,Emily Dunlap,486-70-2857,"3196 Harry Court Apt. 720
Sarashire, PA 34052",Y,miles
102,Mario Martinez,417-98-5916,"39551 Aguirre Lock Suite 067
South Benjamin, NJ 47368",N,hours
103,Kevin Porter,096-03-2299,"814 Randy Street Suite 141
New Evanhaven, IN 41915",N,hours
104,Aaron Murillo,133-43-2268,"148 Lawrence Roads Apt. 664
North John, FM 85935",Y,miles
105,Marcus Gonzalez,216-05-8527,"156 Harris Prairie Suite 125
Aguirremouth, WV 86851",Y,hours
106,Tanner Cherry,522-05-5909,"395 Rhonda Spur
New Aaron, IL 69453",N,hours
107,Elizabeth Butler,509-25-0267,"9049 William Ridge Suite 109
Lewisport, OK 33460",Y,hours
108,Sara Pace,033-93-5051,"41979 Nelson Square
Davisville, NY 34860",Y,hours
109,Mr. Eric Rose,778-26-3010,"59072 Johnson Roads Apt. 769
West Carrie, IN 31847",N,miles
